B) Fragebogen-ID,F13 Was gef?llt Dir hier besonders gut?
1,"Die N?he zur Stadt und dass man mit der BVB überall gut hinkommt. Mir gef?llt, dass man im Rhein schwimmen kann und alles sehr kompakt ist. Und natürlich die Fasnacht."
2,Das es den FCB gibt.
3,"Mir gef?llt, dass die Innenstadt kompakt ist, dass der Rhein durch Basel fliesst."
4,"Ich mag die eher ruhige Umgebung, die aber trotzdem relativ nahe am Zentrum liegt (also mit Tram und Bus kommt man schnell in die Stadt)."
5,
6,Die Innenstadt  das ?ffentliche Verkehrssystem  Direkt an der Grenze zu Deutschland und Frankreich
7,"Das es hier viele Unterhaltungsm?glichkeiten, wie Kino, Schwimmb?der etc., hat. Und die vielen Cafés"
8,"Park in der N?he, lange Erlen-> Pumpwerk  Freunde, Trammhaltestelle in der N?he, Spital"
9,"Dass es viele Freizeitm?glichkeiten gibt (Rhein, Parks etc.)"
10,Ausgang abends  Lange Erlen
11,Eigentlich fast alles
12,vorhandene Grünfl?chen
13,"Es ist nicht zu klein und nicht zu gross. Man kennt viele Leute, kann aber noch mehr kennenlernen."
14,Es hat viele grüne P?rke
15,Das man Abends raus gehen kann und es ziemlich sicher ist.
16,Basel  Rhy schwimme
17,Das man so schnell einkaufen kann.
18,Stadt
19,
20,viel Grün
21,"Das man ganz schnell nach Deutschland kommt.  Und, dass alles in der N?he isch"
22,Schulareal  Stadt  Bus/ Tram-Verbindungen
23,alles
24,Man hat alles was man braucht und ist nahe an den Grenzen
25,
26,"die Menschen, die Klima"
27,Die m?glichkeit schnell in der Stadt zu sein. Ist gross. Die vielen Verk?hrsm?glichkeiten.
28,
29,
30,
31,Man kann vieles machen aktivit?ten etc.
32,
33,
34,Es gibt viele m?gliche Sachen zum unternehmen
35,"Die Stadt, die Einkaufsl?den, man hat fast alles was man im Notfall braucht"
36,
37,
38,
39,Das es schulisch so viele m?glichkeiten gibt.
40,die alten Geb?ude  die Buse und trams  den Rhein
41,
42,Die M?glichkeiten die wir haben und es ist einfach toll hier.
43,Ein paar die freundlich sind zu mir.  Die Laden
44,Alles
45,"Die Parks, die Trams und die Busse"
46,Die Parks
47,Der Rhein
48,"Schwimmbad, Park, Laden, Bibliotheke"
49,Das die Büsse Tramhaltestellen mir nahe ist.
50,Die Ruhe in Basel
51,Dass es viele Einkaufsl?den hat.
52,Dass es in meinem Quartier eigentlich überall Bus und Tram gibt. Man kommt schnell in die Stadt oder zum Bahnhof oder sonstiges.
53,Vieles
54,Das man schnell von a nach b kommt.
55,die Trams die Buse
56,Der Rhein  Kinos  Bachgraben
57,Ich liebe es einfach in einer Stadt zu leben in der es viel Verkehr hat. Die Sehenswürdigkeiten erstaunen mich jedes Mal wieder.
58,Der Rhein  Die Sauberkeit  Die vielen Tram/ Bus M?glichkeiten zum fahren
59,"Der Rhein, die ?ffentlichen Pl?tze, die noch vorhanden sind."
60,Menschen  ?V  Aktivit?ten
61,"Wohnen im grünen Dorf, aber dennoch nahe an der Stadt"
62,die Grünfl?chen in Riehen; die Altstadt von Basel; Rhein
63,"Nicht so gross, Schulhaus in der N?he"
64,"Keine langen Wege, alles eher klein  Alles was man braucht"
65,"Guter ?V, Sicherheit, Aktivit?ten, Kleinbasler Atmosph?re, chille am Rhy"
66,Schulen sind gut organisiert  Viele Orte für die Freizeit
67,Bibliothek
68,Rhein  Inseli  Stadt
69,Rhein  Stadt  Birsk?pfchen
70,Die N?he zu Deutschland und Frankreich  der Rhein  von der Natur umgeben zu sein
71,die vielen Freizeitbesch?ftigungen
72,"Rhein  Stadtzentrum, Gesch?ft  Inseli, Birsk?pfli"
73,"Die Stadt, Einkaufsm?glichkeit  Ausgangsm?glichkeite"
74,Velowege
75,"JKF, Imagine, vielf?lltige Anl?sse  Freie Strasse, gute Verkehrsm?glichkeiten"
76,"Guter ?V, viel Grünanlagen, immer/ meistens sauber/ gepflegt"
77,Rhein  Wenkenpark  Wiese
78,Der Rhein gef?llt mir und die Einkaufsm?glichkeiten
79,Der Rhein  Einkaufsm?glichkeiten
80,Kunsteisbahn Eglisee  St.Jakkob  Die Messe
81,Mein Quartier.
82,Bei Hochbergerstrasse der Stücki.
83,"Es ist sauber, gute ?ffentliche Verkehrsmittel, nicht zu gross aber trotzdem alles vorhanden."
84,"Rhein, Stadt"
85,"Mir habe das Rhein sehr gefallen.  Ich wohne in den Stadt und in der n?he ist Migros, Coop etc."
86,Die verschiedenen Einkaufsm?glichkeiten  Man ist schnell an einem anderen Ort
87,"Ich finde es sehr gut, dass alle Leute hier respektiert werden, so wie sie sind."
88,Rhein (Ein guter Ort zum "Relaxen")
89,Viele Parks zum mit den Kindern oder Tieren spielen
90,"Die Stadt, die Parks, was man hier machen kan.  Der Rhein"
91,Die Gr?sse das man nicht lange hat bis wo hin  Das Schulsystem  Die Kriminalit?t
92,Es ist eine sehr sch?ne Stadt. Es hat alles was eine Stadt ben?tigt.
93,
94,"Die L?den, welche in der N?he ist.  Die Verkehrsmittel"
95,
96,Die Leute sind hier gut drauf ausser die Alten..
97,Mein Quartier und die Umgebung  Es ist sehr ruhig und sch?n  Die vielen verschiedenen Verkehrsmittel
98,
99,
100,
101,Viele
102,
103,
104,Soziale Wohlfahrt
105,
106,"Fasnacht, der Rhein"
107,
108,
109,Das es hier viel Shopping M?glichkeiten hat
110,
111,Herbstmesse
112,
113,Freizeit; Zentrum
114,
115,Alles
116,Das man relativ schnell von zuhause in die Stadt kommt
117,Herbstmesse
118,
119,Der Rhein
120,
121,
122,
123,
124,"Die Altstadt  Dass man hier ziemlich Alles hat, wie Cafés, Einkaufsm?glichkeiten, Tram/ Bus, Kino etc."
125,"Rhein, Kinos, Pfalz, Cliquenkeller, Freie Strasse, Theater, Barfi"
126,"Kunsteisbahn Margarethen, St. Jakob Arena, Rhein, Freie Strasse, Kinos, Barfi"
127,Viele Freizeitm?glichkeiten  allgemein kurze Distanzen  offene Menschen
128,"Das viele Grün in meinem Quartier, der Rhein im Sommer."
129,"sch?nes Stadt, viel Grünes"
130,
131,
132,
133,
134,"Die sch?ne Alt-Stadt, viel ""Grünland"", Clubs, Cafes, L?den-> in Basel hat es alles was man braucht"
135,
136,"Viele Parks, sch?ne, kleine, angenehme Stadt"
137,Ausgang  Freunde  Schule
138,Wir haben den Rhein
139,"Ich liebe diese Stadt, weil es dort toll ist. Und weil seid der Geburt dort lebe, kenne viele Leute, macht viel Spass."
140,"Der Rhein  Claraplatz, St.Jackop  Kursen"
141,Die vielen Kleiderl?dern.  Die gute Stimmung.  Die vielen Restaurants.
142,Das mir einen direkten BVB und BLT verker haben
143,Das der St. Johann Park in der n?he bei mir zu Hause ist.  Das es drei Basketballkorbe in der n?he ist.  Das es jeden Tag nicht laute Nachbarn hat.
144,Die vielen Kleider und Wahren L?den  die vielen Restaurants und Caffées  Die gute Stimung
145,"Die Leute sind freundlich, es hat nicht überall so viel Verkehr, die kleineren Kinder sind mehr geschützt."
146,
147,Alles
148,Alles
149,Man lernt viele Leute kennen und es hat viel Spielm?glichkeiten
150,Der FCB mit ihm das Stadion und die Fans in der Kurve  die Luft ist gut!  man hat viele Ferien!
151,Eigentlich alles
152,Das es viele B?der gibt.  Das es viele Orte gibt für Jugendliche (z.B Jugendzentrum)
153,Die Stadt Basel in der Altstadt gef?llt mir sehr  Der Rhein
154,Es giebt viele Warengesch?fte  Die Stadt ist sch?n  und natürlich FCB
155,Es ist sicher  tolle L?den  tolle Tramfunktion auf die man sich verlassen kann
156,Es ist eine Mischung zwischen Natur und Stadt. Man hat beides. Das ist sehr toll. Und mir gef?llt das Joggeli zum Fussball spielen und zum FCB schauen.
157,Stadt  Fasnacht  Stimmung
158,"die Fasnacht BS, der FCB"
159,Die Strassenbahnen und Buse fahren regelm?ssig  Man kann auch ohne Auto überall hin kommen
160,Der FC Basel gef?llt mir am meisten. (Ich habe Jahreskarten und bin stolzer Basler)
161,"Eigentlich alles, ich habe genug Freiraum, und finde auch die Stadt sch?n."
162,Das die Stadt so cool ist und man viel Einkaufsm?glichkeiten gibt.
163,der Rhein
164,"Meine Gegend, meine Freunde, meine Schule, der Rhein, meine Familie"
165,Meine Familie meine Freunde meine Umgebung meine Schule und der Rhein.
166,"Man ist nahe an der Stadt zum Einkaufen oder z.B. Musikschule, Turnhallen für Sport hobby und trotz dem nahe am Wald (Bruderholz und BL)"
167,Vor allem das Bruderholz weil es so "grün" ist. Die Basler Fasnacht und mega gern FCB
168,"Ich mag die Stadt, wegen den L?den.  Das es m?glichkeiten gibt irgendwo auf einen Park gehen kan.  Das es Fahr m?glichkeiten gibt wie z.B Tram Bus."
169,"Das es sehr grün ist. Das die Leute meistens (freundlich) zu einander sind. Das es fiel Sachen für Kinder gibt wie z.B. Spielpl?tze, Zolli.."
170,"Ich mag die Stadt sehr gerne da ich hier geboren bin.  Das es viele M?glichkeiten hat in ein z.B. Park, Feld zu gehen.  Das ich mich ohne Eltern und Probleme zurecht finden kann."
171,"Eigentlich fast alles hier gibt es genug Gesch?fte, die Menschen hier sind nett oder meistens, ich habe den Tram/Bus sehr gern und bei fast jeder Strasse sind Menschen."
172,Multi-kulti Personen
173,
174,Das es vielf?ltig ist
175,Die Stadt ist sch?n und das es ganz viele Nationen gibt.
176,"Die Stadt an sich, das sie alles zu bieten hat was man braucht"
177,Theater/Kino; Nordst?rn; FcBasel
178,
179,
180,Kulturvielfalt; BVB Netz; Alt-Stadt
181,
182,Die Innerstadt  Die vielen L?den  Der Rhein
183,"Dass die verschiedenen Dinge (L?den, Wohnorte, Spielpl?tze) gut verteilt sind."
184,"Die vielen L?den, Cafès & Restaurants!"
185,die Stadt  am Rhein
186,Das noch ein paar alte H?user sind wo früher benütz sind.
187,"Die Stadt ist sehr sch?n, auch mit dem Rhein und dem Münster."
188,"Dass es eher kleiner ist und auch für Kinder gut ist aber auch für Eltere und auch für Jugendliche, (für alle Altersklassen) etwas hat."
189,"Die Parks oder so zum Abmachen, der nicht so schlime Verkehr und das es nicht so zugebaut ist."
190,Es ist hier sehr sch?n es gibt viel Grün und bei mir ist es sch?n ruhig in der Strasse nicht so viele Menschen.
191,das man es nicht weit bis zur Stadt hat.
192,Alles
193,Die Natur die Birs und der Rhein.
194,den Rhein
195,"Das Haus, die Strasse weil es wenig Verkehr hat und der Flugipark."
196,Nichts besonders.
197,Das man fast überall mit dem Bus/ Tram hinkommen kann
198,Das die Schulen nah sind. Man kann schnell einkaufen. Die Apotheken sind auch in der N?he.
199,der Rhein
200,"Die Menschen hier sind sehr nett, es gibt gute L?den zum einkaufen."
201,Das man einen sicheren Beruf/ Lehrstelle haben kann.
202,die Stadt  die Leute
203,"Das Rhein gef?llt mir weil, wenns drausen warm ist geht jeder in den Rhein schwimmen oder chillen."
204,Dass die meisten Menschen freundlich sind und denken k?nnen.
205,Das die Stadt in der N?he ist.
206,"Das wir alles in der N?he haben wie z.B. Spit?ler, Shopps und so weiter."
207,"Verkehr, dass wir immer einen Tram nehmen k?nnen, weil jede 7 oder 8te Minute eine f?hrt."
208,
209,
210,Die freundlichen Menschen  Die hübschen Frauen
211,Die Schule gef?llt mir.
212,"Das Gesetz und die Ferpflegung (Arbeit, Haus, saubere Strassen)"
213,Das man mit Bus und Tram fahren kann (also 5 in 5min)
214,Das Dope  Der Rhein  Die Shoppingm?glichkeiten
215,Da ich hier geboren bin gef?llt mir alles weil ich mit all dem aufgewachsen bin. Meine Freunde sind hier usw.
216,"Alle meine Freunde sind hier ich weiss nicht wie es anderst were, würde ich in einen anderen Kanton wohnen."
217,Meine Wohnlage
218,Der Rhein
219,der Strasse ist es sauber  Sicherheit
220,die Stadt
221,Verkehrsmittel  der Rhein
222,Rhein  viele ?ffentliche Pl?tze
223,Das Nachtleben und die besondere Orte
224,viele Fussballpl?tze
225,"die meisten kennen sich, die noch vorhandenen alten H?user"
226,
227,
228,Freundeskreis; Dienstleistung; Ausbildungm?glichkeiten
229,Stadt leben; lebendigkeit
230,Es gibt einen Fluss und auch mehrere P?rke
231,Man hat die Einkaufs-Zentrum in der N?he. Man hat die ?V's.
232,Schopping; Gebeude; Park
233,Die vielen L?den zum einkaufen
234,
235,Das es soviel Gesetze hat also Ordnung in Basel. Der Rhein gef?llt mir jeder Ecke fast ein Mülleimer und eine saubere Umgebung.
236,sehr gute Stadt. Gutes Verkehrmittel. Sch?nes Rein.
237,"Margarethenpark, Strassen, Schule, Verkehr"
238,"Viele nette Leute, tolle P?rke, Rheinschwimmen, tolle Freizeitangebote"
239,Hier in Basel gibt es viele Freizeitbesch?ftigungsm?glichkeiten  Es gibt hier so ziemlich alles was man braucht
240,gar nix
241,Schwimmbad  Rhein  Veloweg
242,der Rhein
243,"Mir gef?llt besonders gut, dass man hier freie Parks hat usw."
244,die H?user
245,Mir gef?llt die Schwimmb?der
246,Mir gef?llt gut das es viele P?rke gibt und auch Tierp?rke.
247,der Rhein
248,"Alles, ich liebe alles an Basel"
249,"Alles, gefallt mir an Basel"
250,Die Leute
251,Mir gef?llts besonder gut weil ich ruhe habe also niemand mich st?rt
252,Mir gef?llt es das ich einen Park in der N?he habe.
253,"Fasnacht, Herbstmesse, Rieh, Stadt"
254,Es ist nicht langweilig es geht immer was los.  Es hat tolle Park.
255,Fasnacht  Herbstmesse  Rhein  Stadt
256,alles  man hat alles in dehr nehe
257,die Spielpl?tze  die Spazierg?nge  eigentlich "alles"
258,Das es viele Mc Donalds hat.  Mir gef?llt dass ich eine Park und Bahnhof in der N?he habe.
259,"Basel ist nicht zu gross und nicht zu klein, es ist einfach mit dem Velo oder Tram/Bus zu erreichen."
260,das Gesamtbild
261,der Rhein
262,Alles
263,Die Sauberkeit und es hat viele M?glichkeiten zum Spielen für kleine Kinder.
264,Man ist in der N?he der Stadt. Man hat alle Tram und Busverbindungen. Es l?uft viel in der Stadt.
265,"Ich hab hier viele Freunde, es ist billiger als in den anderen Kantonen. Es gef?llt mir"
266,Die Leute und die Stimmung
267,Ich wohne auf dem Bruderholz und dort gibt es nicht viel Verkehr. In der Stadt gibt es viele L?den und Sehenswürdigkeiten.
268,Man kann gut shoppen  es hat viele Kinos
269,"Basel ist eine grosse Stadt, hat aber trotzdem viel grün in der Umgebung."
270,Das man gut vernetzt und nicht all zu weit auseinander lebt.
271,Manche Orte wo es noch ein Stück Natur gibt.
272,Das es viel grün in der Stadt hat.
273,"Wir haben viele tolle Parks, Cafés, viele Ferien, viele Trame und Busse. Und die Stadt viele L?den."
274,"Tolle Parks, tolle Restaurants, tolle Spielpl?tze und Wohnungen."
275,"In Riehen die Gemeinschaft, das l?ndliche (Natur) und die Traditionen wie z.B. Dorffest"
276,dass es P?rke gibt
277,die Stadt zum shoppen  das Rhein
278,"Mir gef?llt, das es relativ viel grün in Basel gibt.  sch?ne Stadt  viele sch?ne Besonderheiten z.B. Mittlere Brücke (Aussicht über den Rhein)"
279,Die M?glichkeiten zum Einkaufen
280,"Man kann hier sehr gut aufwachsen, es ist in der richtigen Lage. Es hat sehr viele gute Seiten an Basel."
281,Das Basel sauber ist und ich hoffe das es mehr sauber gemacht wird.
282,die Stadt zum einkaufen  P?rke zum spielen
283,"Das es hir in der N?he einen Park, Laden und Sachen zum spielen hat."
284,"Verkehr (Bus, Tram, ?V)"
285,"Sehr gute Freunde, ein sch?nen Spielplatz, und natürlich die sch?nen H?user"
286,die Mc Donalds
287,Es ist ein sch?ner Kanton mir gef?llt die Schule der Park usw. Ich habe den Robispielplatz sehr gerne ich gehe sehr oft dort hin.
288,Park   Museum
289,es hat sch?ne Park  es hat coole Schulen  es hat gute Einkaufsl?den
290,ein Park in der N?he  habe tolle Nachbaren  ist ruhig es gibt kein Verkehr neben mir zu Hause
291,das viele Menschen sind  die Laden / aber bitte macht es billiger
292,Fussball
293,Mir gef?llt die Stadt  Mir gef?llt die vielen Menschen  Mir gef?lten Einkaufscenter zum Shoppen
294,Mir gef?llt den Park der in der n?he ist.  Mir gef?llt den Hof der bei uns ist.
295,Mir gefelt die Stadt  Mir gefallen die Einkaufszentrum  Mir gefelt der Park
296,Mir g?ffelt das es es Robi gibt da kommen alle meine Freunde.
297,Alles in Basel gef?llt mir gut.
298,das es kein Krieg hat  tolle Nachbarn  dass die Schulh?user nahe sind
299,"die netten Leute, die Umgebung"
300,Man kann mit dem Tram schnell in die Stadt. Man kann auf den Robi gehen und dort spielen.
301,dass ich eine freie Strasse habe  die F?hre
302,Dass ich hier wohnen kann.  Gute Noten
303,Alles ausser die alten Leute
304,Das Wasserstelzenschulhaus  dass ich hier wohnen kann
305,Herbstmesse  KKB  Schule
306,Ich finde den Rhein und die Denkm?ler sch?n. Aber auch die Stadt und die Herbstmesse sind toll. Ich finde auch die Angebote für Jugendliche sehr toll.
307,Unijokei  Kollegen  Schule
308,"FC Basel  das Jugi im Landauer  Herbstm?sse, Fasnacht, Band, Shoppen"
309,
310,Das wir sch?ne Trame haben  den Rhein
311,Das es viele verschiedene Arten Menschen gibt.
312,Alles  FC BAsel  Stad
313,
314,
315,
316,Am Rhein zusitzen.
317,Das man mit dem Bus und Tram überall hin kann.
318,"alles, ausser das es letztens sehr sehr viele Schwarze in unserem Quartier sind, und ich angst um meine Mutter und Schwester habe."
319,Die Orte  Die Gegend  Die Schule
320,Die Bunten Graffitis  Es ist so klein (Basel) aber es hatt alles  Gleiss 17.
321,Mir gef?llt eigentlich alles sehr gut
322,
323,Alles.
324,Alles Eishalle
325,Weiss nicht Love and Peace! Yolo
326,
327,"Das Münster, Bruderholz, Der Rhein, die Birs"
328,
329,Es ist in der Stadt und trotzdem nahe am Land (Reinach)
330,
331,Alles
332,Das man genug Platz zum Spielen
333,Manor  Gamestop  Barfüsserplatz
334,Rhein  Die Stadt
335,Der Rhein  Die Stadt
336,k.A.
337,Die gr?sse der Stadt  FCB
338,Die Leute und das Verhalten von ihnen. Die sozialit?t. Die Stadt. Die Clubs. Den Ausgang ect...
339,"Basel hat viele Park-Anlagen, die mir gefallen.  ?V"
340,"Nicht viel L?rm, Sicherheit"
341,Alles ist gut erreichbar mit Tram Bus oder Velo.
342,
343,Events  Verkehr und Ordnung
344,Gr?sse der Stadt (nicht zu gross nicht zu klein).
345,"Man kommt fast überall hin mit den ?Vs  Events, die es manchmal hier in Basel gibt"
346,Die Menschen sind nett man hatt viele schone Pl?tze auch am Abend
347,Meine Freunde
348,"Das Rhein am meisten!  Die Stadt, weil alle L?den nahe beieinander sind.  Spazierorte"
349,fast überall ist es Fahrrad freundlich  gute Tram & Bus verbindungen
350,- die Stadt allgmein  - Pfalz   - Rhein
351,"Die Stadt, der Rhein, Parks."
352,Rhy
353,"Herbstmesse :-), das Stadtzentrum"
354,"Die Leute sind nett, die Lage ist gut, man kann viel machen und viel ist nah gelegen"
355,Es ist alles in der N?he. Ausserdem ist es nicht zu wild.
356,- die Stadt im ganzen  - Aussichten z.B. Pfalz
357,Der Rhein und die schulischen Weiterbildungsm?glichkeiten
358,"grosses kultur - Angebot  gute VErnetzung ?V / Velo ...  gute Lage an au Grenze, ausgewogen Natur / Landschaft"
359,Eigentlich Alles
360,"Die Stimmung, dass man mit dem Velo fast überal herum fahren kann, der vielseitige anschluss mit ?ffentlichen Verkehrsmitteln und die Freiezeitangebote"
361,Der Rhein geff?lt mir sehr. Die Innenstadt vorallem. Eigentlich fast alles
362,Wenig arbeitslosigkeit wenig SVPler  die OS wird jetzt leider abgeschaft
363,alles
364,Eigentlich alles ausser dem Verkehr
365,
366,Das es fast alles hat was man will
367,Die Leute.
368,
369,"Die Parks, die Schwimmb?der"
370,Das es nicht so viel Verkehr hat und viele Freunde wohnen nahe bei mir.
371,Die Kunst und Kultur hier in Basel gef?llt mir. Es hat auch tolle Spielgelegenheiten. Das man im Rhein jetzt schwimmen kann
372,Eigendlich alles
373,Man kann zu fuss überall hin und die Berge sind nah an Basel dran.
374,Dass das Gottfried Keller Schulhaus nicht weit weg von mir Zuhause ist. Der Schützen- & Kannenfeldpark.
375,"Das es hier einigermassen viele Parks gibt, wo es genug gelegenheit gibt zu spielen"
376,
377,Mir gef?llt die Umgebung und das Leben in meinem Quartier.
378,Wie die Stat ausieht
379,"Eher nichts. Clubs, Lounge, Disco."
380,bei mir in den N?he gibt ein Fussballplatz
381,Das es viele Kinder gibt.
382,
383,
384,Mir gef?llt die Schule weil im mein Land habe ich nich die M?glich keit wie hir im Basel
385,Trinkbar wasser auf den Strassen
386,Das es in der N?he eine Tramstation/Busstation gibt.  Das es in der N?he "Stücki" gibt.
387,"Der Rhein, Stadt und Basler Messen, Parks."
388,Die vielen ?ffentlichen Verkehrsmittel  Die vielen Sportarten für Jugentliche
389,"Ich finde unsere Wohnlage sehr gut, weil wir sind nicht an einer grossen Strasse und sehr schnell in der Stadt. Ich finde diese Stadt einfach toll!"
390,Es hat viele Grünzonen.
391,Es hat viele Grünzonen
392,die Schweintram
393,Die grünen Trams
394,"Es ist alles sehr Nahe: Grünes (Lange Erlen, Chrischona) & Stadt"
395,Das viele Grün auf dem Bruderholz  So wenig Verkehr auf dem Bruderholz
396,Viel Grün
397,"Rhein, Stadt, und Wald in der N?he, friedlich, Herbstmesse"
398,"Rhein, Stadt und Parks"
399,Viele Freizeitangebote für Jugendliche
400,"Die vielen ?ffentliche Verkehrsmittel, die vielen M?glichkeiten für Jugendliche und der Boxclub Basel"
401,"Es ist für mich die t?llste Stadt, es hat alles was ich brauche. Es hat gute Schulen. Einen grossen Bahnhof und viele Restaurants und Kleiderl?den."
402,"Ich finde es toll dass es hier so ""friedlich"" und gemütlich ist. Mir gef?llt auch sehr, dass die Stadt so in der N?he ist. Es gibt auch eine tolle Herbstmesse"
403,Die sehr sichere Stadt und freundliche nette Leute. Es ist nicht so hecktisch wie in Grosst?dten.
404,Süssigkeitsgesch?fte
405,"Rhein, Rheinbord, Freiestrasse, Altstadt, die verschiedenen Kulturen die aufeinander treffen"
406,"Die Umgebung, die Leute, die Stadt, Schule, ..."
407,"Stadt in der N?he, gute Verkehrs verbindungen, sch?ne Stadt (teilweise), Freunde"
408,"Innenstadt, ?V, Freunde"
409,das Rheinbord  Freistrasse  Altstadt (Grossbasel)
410,"Die N?he zum Rhein, allgemein Lebensnatur(?)dige in der N?he (Schule  - Altstad Gross/Kleinbasel sehr sch?n"
411,"Es ist Velofreundlich, übersichtlich in der Gr?sse"
412,
413,
414,Die Pflanzen sind sehr sch?n
415,"Das Riehen eher klein/ruhig ist, aber nicht ganz auf dem Land. Man hat immer noch gute Verbindungen in die Stadt zu kommen. Freunde, Familie."
416,"Soziales Verhalten der Menschen, Stadt, einfach Alles! ausser Kleinkriminelle..."
417,
418,Dass die Stadt so alt und interessant aussieht.
419,
420,Mir gef?llt die Altst?dt sehr gut
421,"die Atmosph?re, die Menschen, sehr jugendfreundlich"
422,
423,"Sch?ne Stadt, mit vielen Attraktionen. Gemütlich."
424,Die alten H?user
425,Jugenzene
426,"sch?ne Altstadt, auch Jugendlich orientiert, wie z.B. JKF"
427,
428,"Das Stadtbild, ?V-Netz, nicht zu gross, nicht zu klein, viele L?den, viele Ausgangsm?glichkeiten, Bahnhof, Innenstadt, Bildungsm?glichkeiten"
429,Es gibt verschiedene Freizeit Aktivit?ten/ Gute Shopping strassen
430,Dass ich in eine Strasse/Quartier Wohne wo sehr ruhig ist.
431,Am Rhein spazieren
432,Sichere Verkehr/Viele Einkaufsm?glichkeiten/?V
433,Shopping Centre/Stadt
434,Atmosph?re/Weiterbildung
435,"Die umgebung, der Ausgang, die Stadt"
436,Die Stadt gef?llt mir am meisten.
437,
438,Es ist toll wie es displiniert ist
439,Es hat alles was ich brauche
440,"Die Ruhige atmosph?re, den FcBasel, die Kultur etc."
441,In meinem Quartier habe ich alles freunliche leute. Und allgemein wegen freunden und Familie
442,Sicherheit  Essen: Mc Donalds etc.  Shishabar
443,Der Rhein  Stücki
444,"Mein quatier, mein Freund wir k?nnen gut chillen usw."
445,Weiss nicht
446,Alles.
447,
448,Die sicherheit.  Wie Ruhe es am Abends ist.  Das man auf velo fahren kann.
449,Der Rhein  Stücki
450,Die Stadt und alles
451,Die Einkaufscenter z.B. Stücki  Ruhige Lagen wie Gundeli oder Burgfelderhof
452,Das Marijuana
453,Es ish nid so gross und me kennt alli das isch gued
454,Basel ish nid zu gross meh kennt alli Orte allso meh kha sich guet Orientiere z.b wenn meh abmacht
455,Die Menschen und alles
456,Alles
457,Keine Ahung
458,Die Schule.  Die Freunde.  Das Zimmer.
459,Basel: Die Museen  Riehen: Die Umgebung  Bottingen: Kenn ich mich nicht aus
460,Alles in Kontrollo :-) !
461,
462,
463,
464,Mir gef?llt dass wir in wenigen min in die Stadt gehen k?nnen
465,"Wir k?nnen in wenigen min. in die Stadt oder nach Deutschland, wo es auch günstiger ist."
466,Wir k?nnen gut und schnell über all hinfahren
467,
468,
469,Viele grüne Fl?chen.  Sch?ne umgebung  m?glich keit viele tiere zu sehen oder zu haben.
470,Es hat viele sehenswürdigkeiten.  Genug Einkaufsl?den
471,meine Freunde ein gutes Haus
472,Das es viele L?den gibt zum einkaufen
473,
474,"Es ist meistens nahe an der Natur, es hat gute Schulen und eine gute verbindung mit Bus/Tram."
475,
476,Die menschen  Die natur  Der park
477,
478,
479,
480,Es gibt viele m?glichkeiten die Stadt zu erreichen.
481,
482,
483,Sauberkeit
484,"Die wenigen Veranstaltungen die es gibt (bspw. im Haus für elektronische Künste etc.), die Sauberkeit"
485,"es ist hier gemütlich, grün und ziemlich ruhig"
486,
487,
488,
489,
490,
491,
492,
493,
494,Restaurants
495,
496,
497,"klein, übersichtlich  freundliche Menschen"
498,Altstadt  P?rke  Rheinufer
499,Vielf?ltigkeit an Kultur
500,"Enthalte mich einer Aussage, da ich die Politik, welche betreibt wird v?llig schwachsinnig finde!"
501,
502,
503,Gar nichts  Dass meine besten Freunde hier wohnen
504,Ausl?nder
505,Die Stadt das Leben hier und die Fussballfelder
506,
509,ich habe tolle Freunde und es sieht sehr sch?n aus.
510,
511,Alles
512,Die Shopping-centers wie z.B. St.Jakob / Stücki  Die Brücken  Die Parks
513,Es ist sicher
514,Das Essen  Die Manschaft FC Basel  Stücki
515,Mir gef?llt alles in Basel-Stadt
516,
517,einiges
519,"Die Stadt, eigentlich alles"
520,nicht viel.
521,Das wir viele Sachen für die Jugend & Kinder haben
522,
523,"Die Stadt, Stückli, St. Jacob"
525,alles
526,Alles
527,
528,"Die Schule, der Verkehr"
529,Rhein bei der Schiffl?nde und die d?ner laden und Mc donald's Sandgruben
530,"Der Riesen Park n?mlich ackerm?tteli, Robi"
531,mier gefl?llt alles gut
532,"Statt, Stücki, und das iher neben Deutschland ist, Rhein"
533,"Stückli, Rhein"
534,"Rheinn bei der Schiffl?nde, viele d?nner laden"
535,Es hat viele Spielpl?tze
536,Ich bin im Basel geboren (Frauenspital) und es gefl?llt mir hir in Basel Weil es meine lebenzeit Allgemein in der schweiz ist.
537,Rhein bei der Schiffl?nde  Das es Viele D?nerlladen hat
538,Mir gef?llt eig. alles!
539,Ich bin hier aufgewachsen hab hier alle meine Freunde
540,"Die Einkaufsl?den, Die Spielpl?tze, Die Apel ist sicher"
541,"Die Tr?me, die Büse, der Park"
542,"Kollegen, Stücki"
543,Es ist eine sch?ne Stadt
544,Die gesselschaft  Die Strassen
545,Rhein  Stücki
546,Alles!
547,Die Atmosph?re ist sehr angenem und es ist überschaulich
548,Der Rhein und dass es sauber ist.
549,"Die Atmosph?re, Freizeit, Aktivit?ten, Natur"
550,
551,gemütlich
552,Nahe bei der Stadt zum Einkaufen
553,"ruhige Quartiere, der Rhein/Rheinpromenade, sch?ne P?rke & Anlagen zum chillen"
554,Mir gef?llt die Lage im Quartier "Gundel"
555,9
556,Das Quartier "Gundel"
557,"Ausgang, L?den"
558,
559,Den Rhein
560,Das ich mit ? V überall hinkomme.
561,Der Rhein
562,"Tolle L?den, ruhige Quartiere, nette Menschen, tolle comfortable H?user"
563,Der Rhein  Das man schnell und einfach zu einem anderen Ort gehen/Fahren kann.
564,Gut gef?llt mir es am Rhein zu verweilen oder mir mit Freunden auf dem Jakobsberg herum zu treiben
565,Alles
566,Alles
567,
568,Ich gehe fast nie raus
569,Die Grünfl?chen sind sehr gut verteilt in der Stadt.
570,alles
571,
572,Das wir viele ?ffentlichen gef?hrte haben.
573,
574,
575,"Die M?glichkeiten zum Fussballspielen, denn ich bin ein professioneller Spieler beim Fc Concordia"
576,
577,Das hier sehr viel Trams/Busse fahre
578,Was gef?llt mir in Basel-Stadt ist die offentlicher Verkehr und jugendfreizeit.
579,Die sch?ne Vegetation  Viel Park  Nahe ?ffentliche Verkehrmittel
580,"Die Stadt, der Rhein, die Leute u.s.w"
581,Rhein  Shopping  Parks/Schwimmbad/Ort zum Trainieren
582,Der nicht zu lange Weg zur Stadt.  Shisha - Bars in allen Ecken.
583,"Sch?ne Stadt, viele ""Feste"", Rhein"
584,/
585,FC Basel  Alt Stadt
586,Die Velo-Freundlichkeit der Strassen
587,/
588,
589,Stadt  Viele Ausgangsm?glichkeiten
590,"Es ist eine sch?ne Stadt.  Ich bin hier aufgewachsen, darum kenne ich mich gut aus. Mit dem Velo kommt man überall hin."
591,"Die Stadt ansich, Altstadt, der Rhein usw."
592,
593,Es gibt gute Bus-/Tramverbindungen
594,Rhein  Birsk?pfli  Viele Bars
595,Rhein  Birsk?pfli  Viele Bars
596,Leonhard  Rhein
597,
598,
599,
600,Vieles. Das es viele Treffpunkte hat finde ich sehr gut und das es Orte gibt in denen man unterstützung in Hausaufgabe kriegt.
602,"Viel Kultur, viele Festivals, Jugendangebote, sch?ne Altstadt"
603,Die Konzerte
604,Kollegen/Freizeitangebot  Ausgang  Fuessballmanschaft (FCB 1893)
605,"Kollegen, Verein, Lebensqualit?t, (?V)"
606,"Kulturelles Angebot  Freunde  Lage, an Frankreich & Deutschland"
607,Der Rhein  Die Messe & M?rte
608,"Gute ?V, viel Ausgehm?glichkeiten, sch?ne Grünfl?chen, aber trotdem eine ""Stadt""."
609,Es gibt nette Leute.
610,?V f?hrt h?ufig.
611,FC BASEL!
612,Ausgang  N?he zu allem  ?V
613,Es ist sehr leicht mit dem Velo die Stadt zu erreichen.
614,"Mir gef?llt gut, dass es ein sehr grünes Quartier ist, in dem ich wohne, aber das es trotzdem nahe an der Stadt ist."
615,Der Rhein.
616,"Die Stadt, die Freizeitangebote"
617,?V
618,"Nightlife, Restaurants, Rhein, Parks"
619,Rhein
620,
621,
622,"Infrastruktur, man kommt überall hin."
623,"der Rhein  Es ist alles in der N?he, man kann auch zu Fuss gehen."
624,Viele Freizeit Aktivit?ten ist m?glich  Sch?ne Stadt und hat viele sch?ne Aussichten
625,"Viele Einkaufsm?glichkeiten, Unterhaltung, nicht langweilig"
626,Alles
627,
628,"Es ist eine offene, gemütliche Stadt mit vielen Angeboten, M?glichkeiten."
629,"Der Rhein, viele Kulturen"
630,Infrastrukur
631,Das man mit dem ?V überall hinkommt.
632,
633,
634,"Viele M?glichkeiten etwas zu unternehmen.  Viele Museen, M?rkte"
635,
636,"?V, Lage, gr?sse der Stadt, Kulturaktivit?ten  ""Chill""-m?glichkeiten"
637,Das es alles hat in der n?heren Umgebung. Auch das Es viel Parks gibt und den Rhein.
638,"Man hatt alles in der Umgebung, der Rhein, die Stadt, Ausgang"
639,alles
640,Ziemlich alles!!!
641,Es giebt viele angebotte zum spielen.  Mann kann gut verdienen und es hat genügend Arbeiten.  Wir haben nicht so viele Politik probleme wie in Italien
642,Mir gef?llt dass es viel Tr?me und Büsse hat und dass der Stadt fast neben mir ist.
643,viele Freunde  Die Stadt
644,Der Reihn man kann dort Schwimmen aber auch einfach sitzen und etwas essen.
645,Die Stadt zum Shoppen und der Rhein.
646,"die Einkaufsladen,"
647,Eigentlich alles auser der viele Ferker
648,Das ein Fussballplatz in der n?he ist
649,"Also es ist sauber, es hat viele Angebote. Die Stadt hat viele L?den. Die Stad ist friedlich."
650,Die L?den.  Die Sportvereine.  Gute ?rtzte
651,Der Rein und die Wisse  eigedlich alles
652,Das es viel Natur hat  Es hat sch?ne konstruktionen  es wird alles so sch?n gebaud.
653,"Die Schulen, die grosse Stadt"
654,Man hat alles was man braucht.  Es ist eine Hilfsbereite Stadt.
655,Die Natur. Es hat viel grün.
656,Das Basel eine Kleinstadt ist ist Toll.  Die Fasnacht.
657,Der Rhein! :) und mann kann sich hier in Basel sicher fühlen.
658,Stadt in der N?he  Lebensmittelladen in der N?he  Schule in der N?he
659,Alles.  Sch?ne Ampeln.  Nette Leute.
659,Es ist sauber.
660,Die Vernetzung ?ffentlichen Verkehrsmittels   Die vielen L?den in den St?dten  Veranstalltungen.
661,Weiss nicht
662,Der Rhein  Das alles zu Fuss erreichbar ist
663,Rhein
664,Das ?ffentliche Verkehr ist gut verteilt und es hat viele L?den.
665,Die Stadt
666,
667,Altstadt
668,Tram-/Busnetz  Ein bestimmter Laden
669,viele M?glichkeit
670,- Rhein  - Stadt
671,"Rhein, Shishabars"
672,
673,Fc Basel  Rhein  Natur
674,-
675,"?V, Parkanlagen, Stadt"
676,
677,Der FC Basel 1893  Der Rhein
678,Die Leute  Die Stadt
679,Mir gef?llt alles Ich liebe es in der Stadt zu wohne ich k?nnte mir nicht vor stellen auf den Land zu wohnen
680,Der Reihn
681,Fussball marchte gef?llt mir besonders.
682,der Rhy ist sher sch?n
683,Die Menschen die viele Parks zum chillen und die Schulen
684,"Ich finde die Stadt hier ist sehr sch?n, ich habe meine freunde hier und ich bin hier geboren. Ich kenne den verkehr sehr gut."
685,alles
686,eigentlich alles
687,FC Basel / Fussball  Leute  Sauber
688,
689,
690,Mir gef?llt die Gr?sse von Basel (nicht zu gross/nicht zu klein)
691,Ordnung  Sauberkeit
692,"Basel ist nicht zu gross, kann sich orientieren, Die Stadt (Center) in der N?he ist"
693,- Sicherheit  - Sauberkeit  - Viele ?ffentliche (übersichtliche) Verkehrswege
694,"Es gibt viele einfache Angebote (auch Gratis). Man ist in der N?he von Schule, Museen, Zoo, Schwimmbad usw."
695,Eigentlich alles
696,Mir gefallen die meist pünktlichen ?ffentlichen Verkehrsmittel.
697,Die meisten attraktionen sehr n?he verbunden  Es gibt alles das ich brauch ins besondere Banken usw.  Basel hat sehr viele m?glichkeiten fur die Zukunft
698,Tennisplatz in meiner N?he  Has - Sofra D?ner Bude
699,Die Lage.
700,Rhein  Leute  Schule
701,"Rhein zum schwimmen, gute Tramverbindung. Ab und zu mittlerer Skatepark."
702,
703,
704,"Kollegen, Sportm?glichkeiten"
705,Sauberkeit
706,Spielpl?tze
707,P?rke  BVB
708,Wohnlage  Altstadt
709,Rhein  Alles
710,Birs  Rhein   Alles
711,Mir gef?llt die Brücken  Mir gefallt die Flüsse
712,ich finde den Park super da ich hingehen kan.
713,Mir gefallen die Brücken in Basel-Stadt.  Mir gef?llt der Rhein.  Mir gef?llt die Herbstmesse + MUBA.
714,Die Schule.  Das Weter
715,Weis nicht
716,Die Sprache gef?llt mir.
717,"Mir gef?llt es gut, dass wir hier viele ?ffentliche Verkehrsmittel haben."
718,"Das wir so viele Festen haben (Fasnach, Messe..."
719,Alles
720,Park und Schule
721,Ich finde es toll das die Tram Stadtion gerade neben meinr Wohnung ist. Und ich finde es toll das ich gerade neben dem Messeplatz wohne.
722,Das die Stadt gross ist
723,Mir gef?llt in Basel die Schulen
724,Das es mehrere Jugenzentren gibt.  Das es viele p?rke gibt
725,"Die Stadt, die Leute, die Temparaturen."
726,Die Parks weiss nicht ein paar sachen gefallen mir und ein paar nicht.
727,Alles gef?llt mir    ich finde alles besonders.
728,Die Dreirosen anlage.  Mir gef?llt Basel - Stadt
729,Das alles in der N?he ist
730,Mir gefallen die Museen. Und noch die Parken.
731,"Die ?ffentlichen Brunnen! Im Sommer eine Wohltat, so ein erfrischendes Brunnenbad! :-)"
732," der Rhein, das Bachgraben,  das Birsk?pfli, die Stadt an sich"
733,"Rhein, Kanenfeldplatz, Barfi, Mitte, Mein Zuhause"
734,Es ist nicht gerade die kleinste Stadt doch man ist schnell an verschiedenen Orten. Ich mag die Stadt und die Leute. Auch die Veranstaltungen wie das JKF oder das Imagine gefallen mir
735,Alles ist gut zug?nglich und in der N?he  Die Leute
736,"Sch?ne Lage am Rhein. (N?he zu Deutschland und Frankreich).  Angenehme Atmosph?re um zu leben (ruhig, optimale Gr?sse der Stadt)"
737,"Die Innenstadt, sch?ne Parks"
738,
739,
740,
741,"Relativ kompakt, Tolle ?V, viele Velowege"
742,Meine Klasse  Der Messeturm  Der Rhein
743,
744,"der Rhein, die Stadt selber"
745,Der Rhein und das Ufer
746,"Die Leute, Die Parks & Die ?V"
747,
748,
749, Parks  - ?ffentliche Verkehrsmittel  - Sauberkeit
750,"Die Stadt, Altstadt, Parks, Verkehr"
751,Rhein  L?den/Cafes  Sauber zum teil
752,Der Rhein
753,Der Rhein
754,"Der Rhein  Unser Quartier, Der Garten, Der Plats vor der Tür.  Die Altstadt"
755,Das es viele Kinder hat.
756,Viele Fussballpl?tze  Viele Freunde  Die Stadt
757,Der Rhein  Das Trampolin im Garten
758,der Zoo Basel
759,Der Rhein und die Stadt
760,Ich geh noch gern auf den Flohmarkt
761,Der Rhein    die Stadt  Das man überall schnell hin kommt
762,mir gefellt gerne das ich z.b. einen skateboard Park gerade vor meiner strasse habe. Das ist der Theodorsplatz dort gibt es auch einen baskettballkorb.
763,Fast alles
764,"Fc Basel, Landhof"
765,Das es nicht so viele Hochh?user hat und das es viele m?glichkeiten zum spielen gibt das es viele Spielstrassen gibt und das es keine so grosse Stadt ist
766,Viele Caffes/Restaurants  Viele L?den  Sauber
767,die Leute die Strassen das Rhein
768,Der Rhein  Der Horburgpark  Die Schule
769,St. Jakob
770,"Die Atmosph?re, die Kultur vermischung, das Leben in der Stadt"
771,Die sch?nen Strassen / Der Rhein / Die Schule / Die P?rke
772,"Menschen, Shoppingvielfalt"
773,Die Ruhe in meinem Quartier
774,"nicht zu gross, nicht zu klein  ""Multikulti""  Viele Freizeitangebote"
775,Alles: Ich habe alles zur Verfügung was ich will...  Von einem Stadion bis zu einem tollen Bad und guten Einkaufsm?glichkeiten. Sehr viele Kinos hat es
776,die Abwechslung zwischen Wald und Wiese Sowie Innenstadt und Shopping.
777,
778,Der ?V
779,"Rhein, Leute"
780,
781,Viele L?den
782,Freunde leben auch im Quartier
783,Viele L?den  Nette Leute
784,
785,Die Freiestrasse
786,Innenstadt
787,Einfach alles
788,Dases viel wege oder P?rke gibt.
789,Der Rhein
790,Das der Bus all 5 min komt.  auch das Tram kommt all 5 min.
791,Die Schule ist nahe.  Ein Fussballplatz ist auch nahe.
792,"Die Fasnacht, die Inenstadt, die Einkaufsl?den"
793,Grossbasel gef?llt mir  Fussballpl?tze  Das Basel an Deutschland und an Frankreich gr?nzt
794,Wenig Verkehr im Quartier.
795,"Die Basilisk-Brunnen, der Rhein"
796,Mein Haus
797,die ganze Stadt gef?lt mir.
798,"Die Schule ist nahe am Wohnort, Fussballplatz ist nahe, park ist nahe."
799,Die Badi (Bachgraben)
800,
801,
802,
803,
804,Es ist sauber   Man ist schnell in der Stadt  Ich habe das OB Stadion in der N?he
805,Die Schule - Fussball Platz einfach alles
806,"Die Stadt, der Rhein, Shopping, W?lder"
807,Das es moderne Seiten gibt aber auch noch die antiken Sachen.
808,Der Rhein gef?llt mir am besten. Ich finde es toll abends am Rhein zu spazieren.
809,Das es Tram und Buslinien gibt!
810,"Das jede Ecke von Basel jemandem immer überraschen kann z.mb das Münster, Marktplatz, Bankverein."
811,Riehen: Sehr ruhig und friedlich.
812,Rhein / Umgebung / Die sch?ne Natur / Das es viele B?ume gibt
813,Das es in den verschiedenen Quartieren einen Park gibt und dass man mobil ist.
814,"Die P?rke, Ruhe und Atmosph?re"
815,das es viele Parks hat.
816,
817,"die Umgebung, Natur, Einkaufsm?glichkeiten"
818,"Das meine Freunde in der N?he wohnen und alles vorhanden ist, was man braucht"
819,"Die Umgebung, die Stadt."
820,Der Rhein und die Stadt.
821,"Der Rhein, die sch?ne Stadt an sich, alles!"
822,
823,"Die Strassen sind sauber, die Menschen sind sehr freundlich."
824,Meine Freunde und die Gr?sse.
825,
826,Das es eine wundersch?ne Stadt ist mit offenen Mensch und jeder menge Kultur
827,
828,
829,
830,Das wir direkt am reihn leben und es so viele m?glichkeiten gibt Fussball zu spilen.
831,
832,Das es am Rhein sch?n ist.  Das es Shishabars hat.  Die tollen p?rke.
833,
834,Rhein  Stadt  -
835,"Am Abend am Rhein sitzen oder laufen, in die Stadt gehen."
836,
837,
838,
839,
840,
841,
842,
843,Freizeitangebote; ?V (?ffentlicher Verkehr)
844,
845,
846,
847,?V (?fentliche Verkehrsmittel); immer etwas los
848,
849,Dichtes Verkehrsnetz
850,
851,
852,"Kulturelle Vielfalt, Lebendige Quartiere mit eigenem Charakter"
853,
854,
855,
856,
857,Stadt in der N?he
858,ka
859,Mit dem ?V schnell und sicher in der ganzen Stadt unterweg
860,Das wir nahe an Deutschland und Frankreich leben. Die Leute/Freunde sind hier in Basel (n?he)
861,Die sichere Umgebung und die sch?nen Strassen
862,Die Stadt selbst  Badi  Die Schulen
863,Das alles so nahe ist
864,Basel Allgemein gute gr?sse nicht zu gross
865,fast alles aber vorallem die stadt gef?llt mir sehr gut.
866,Die Stimmung und die Leute sind nett  Viele menschen aus anderen L?ndern
867,"Die Sehenswürdigkeiten, meine Schule, L?den,... eigentlich alles."
868,
869,
870,Ausgang  Stadt  Feldbergstrasse Basel!
871,Die Atraktionen  Menschen  Gute m?glichkeit überall hinzukommen
872,"Die Natur, Die Laden, die Menschen sind freundlich"
873,Es hat viele m?glichkeiten etwas zu unternehmen.
874,"Das ich nahe von der Stadt wohne, das es in der Stadt caffes und auch laden giebt."
875,Der Fc Basel.
876,Dass es ein sauberer Kanton ist.
877,Man hat alles was man braucht.
878,Das es sch?n ist.
879,Ich finde in Basel gibt es gute Shoppingm?glichkeiten.
880,Basel ist eine kleine Stadt mit vielen Freizeit m?glichkeiten man ist schnell irgendwo.
881,Die vielen sch?nen Pl?tze.
882,Die Stadt und einfach die Leute sind nett und freundlich.
883,"Die Sauberkeit, die Umgebung, die Leute"
884,Die Stadt.  Menschen
885,Das Bruderholz und die Alt Stadt Basel.
886,Freundliche Personen  Viele Leute
887,Das das Stadt zentrum von mir zuhause ganz nahe ist.  Das wenn ich Fussballspielen gehe 5 - 10 Min brauch.
888,Es gibt viele Orte an denen man etwas unternehmen kann.
889,Es ist eine grosse Stadt und sie ist sch?n
890,"Es ist ruhig, sauber und es gibt gutes essen"
891,Es ist alles sehr nah.
892,"Es gibt von allem genug, z.B. Kinos, D?nerbuden, Sportpl?tze, Parks etc."
893,"Mir ist es wichtig, eine Tramhaltestelle nah an meinem Haus zu haben und das habe ich auch. Das ist besonders gut."
894,
895,Das mann viele parks hat und viele Aktivit?ten die man machen kann. Und auch mein freunde sind da.
896,
898,
899,es hat viele P?rke
900,es ist toll
901,Das die Schule nicht sehr weit entfernt ist.
902,Eigentlich gef?llt mir alles... aber die Stadt find ich am sch?nsten es gibt auch andere Sachen.
903,Alles
904,Alles
905,Weiss nicht
906,
907,
908,Das Basel meine Heimat ist und das ich mich hier wohl fühle. Ausserdem ist hier vieles vorhanden (Fussballpl?tze etc.)
909,Ka.
910,Die P?rke.
911,"Dass es viele kulturelle Institutionen wie: Theater, Museen gibt.  Dass es kein Atomkraftwerk gibt.  Dass es viele Leute gibt die das Velo als Fortbewegungsmittel nützen"
912,Die Stadt: ins besondere die L?den -> Shopping  gute Bibliotheken  Tolle Aufenthaltsorte.
913,Das es viele Freizeitm?glichkeiten gibt und man sie sehr gut mit dem Velo ereichen kann.
914,"Nichts ist weit weg  Das Tram  Die alte Stadt, das Rheinschwimmen"
915,Die Sicherheit und die Verkehrsverbindungen.  Auch ist alle mit dem Velo schnell und eigentlich sicher zu erreichen
916,"Die verschiedene M?glichkeiten, die es hier hat."
917,"Die Stadt. Mir gef?llt es, dass ich in der Innenstadt wohne, und deshalb recht schnell überall hinkomme."
918,Der Wald in der N?he meines Hauses  Der Rhein  Die Natur
919,
920,Das hier viel los ist und das man eben nicht so abgeschieden ist.
921,Das es im gegensat zu anderen St?dten eher klein ist aber genug gross und mir gef?llt der Rhein sehr gut.
922,Die Stadt
923,Ich wohne sehr in der n?he der Stadt
924,"Ich habe keine richtige Begründung, da ich mich sehr wohl, weil meine Familie und Freunde hier leben und weil ich hier aufgewachsen bin, ich kenne die Stadt also sehr gut."
925,
926,Das es viel grün hat!  Und man hat viele m?glichkeiten mit Freunden etwas zu unternehmen!
927,Parks  Freizeitbesch?ftigungen  L?den in der Stadt
928,"Das es die Stadt hat, aber unser Quartier sehr ruhig ist."
929,Das die meisten ?ffentlichen Orte gut erreichbar sind. Die Stadt ist nah und man ist auch schnell in der Natur.
930,Das ich in einem ruhigen Quartier lebe
931,
932,Basel ist klein und man kommt leicht dort hin wo man will
933,
934,
935,viele P?rke  Gute Shopping m?glichkeit  Saubere Stadt
936,"die gute Verbindung von Tram, Bus, Zug  die N?he von Stadt und Land  schl?ne und viele M?glichkeiten zum Shoppen"
937,
938,alles
939,Die Stadt/das Zentrum erreiche ich innerhalb 5-8 Minuten.
940,Die freundlichen Menschen
941,
942,"Vielf?ltiges Programm  sch?ne Pl?tze (z.B. Rhein, Parks)"
943,
944,4052 Quartier
945,
946,
947,
948,
949,
950,"der Rhein, es gibt das JKF, Imagine etc, zeimlich viele M?glichkeiten zum Shoppen gehen, viele Cafés, Flohm?rkte"
951,"Man kann im Rhein schwimmen gehen, es gibt tolle Cafés, man ist schnell in der Kultur..."
952,Der Rhein  Alt-Innenstadt  Kleinbasel
953,Es isch j??s!
954,Fliessendes Wasser  Ein Dach zum Wohnen.  Im reichsten Land der Welt sein
955,der Rhein
956,"Den Rhein, Barfi, etc."
957,"der Rhein, alles"
958,Die Stadt aber sie k?nnte etwas gr?sser sein.
960,FC Basel  Rhein  Stadt
961,"Rhein, Altstadt"
962,"alles sehr gut organisiert, Rhein"
963,Alles
964,"Schule, Leute, Stadt"
965,<3 FC Basel <3
966,"Die Abwechslung aus Natur, Stadt. Die Natur in der Stadt, z.B Rhein. Die M?glichkeiten"
967,"FC Basel, Rhein"
968,?
969,Sehr viel Luxus. Keine Hungersnot oder ?hnlichen. Schule/Bildung. Glaubensfreiheit.
970,Die Umgebung ist sch?n und friedlich.  Man hat viele M?glichkeiten in der Freizeit zu was unternehmen.  Es hat viele Sachen in der N?he.
971,
972,Es gibt viele m?glichkeiten etwas zu unternehmen
973,Das Stücki shopping.  Die Innenstadt  Tolle Restaurantes! :)
974,"Viele einkaufsm?glichkeiten, Kinos und Restaurants. (Leider nicht sehr viele Freizeitangebote)."
975,Die sch?nen alten Geb?ude  Die Umgebung  Das es sehr viele Shopping m?glichkeiten hat
976,Rhein
977,Es gibt viele M?glichkeiten etwas zu unternehmen
978,Es ist eine sch?ne Umgebung
979,"Die Stadt, da kann man gut einkaufen gehen.  Der Rhein, da kann man gut chillen."
980,die Stadt  der Rhein
981,Der Rhein  Die Stadt
982,Der Rhein  Eglisee  Innenstadt
983,Es gibt viele Spielpl?tze.
984,Fc Basel  Angenehme Wohnsituation (Bettingen)
985,Die vielen verschiedenen Einkaufsm?glichkeiten & die vielen guten Bibliotheken!
986,
987,
987,Das die Stadt nich so gef?hrlich ist  sauberkeit  Sehenswürdigkeiten
988,Die ganze Stadt gef?llt mir sehr.  Die Einkaufsl?den  Sehenswürdigkeiten
989,Das es Sauber ist
990,Freunde  Familie  Weil ich schon lange hier bin.
991,Das Schwimmen im Rhein.  Die F?ren.  Das Stücky
992,
993,
994,
995,"Die Lage, Umgebung etc."
996,Weiss nicht
997,Das Jugi-Landauer.
998,Die sch?ne Umgebung
999,Das es überall in der N?he eine Haltestelle gibt.
1000,Die Stadt gef?llt mir sehr gut eigentlich gef?llt mir hier alles sehr gut
1001,Es gef?llt mir das ich nahe bei der Stadt wohne und das es immer genügent Verkehrsmittel gibt wie z.B: Bus Tram etc.
1002,Das die Freunde in der N?he sind.  Das Bus / Tramstationen in der N?he sind.
1003,"Das es viele sachen gibt z.b. p?rke, L?den, Verkehrsmittelund die viele netten leute, und die Bibliotheke GGG"
1004,"Mein Quartier, die vielen L?den, Verkehrsmitteln"
1005,Mir gef?llt alles gut.  Ich habe 2 Bussstationen in der N?he und eine Tramstation das finde ich gut
1006,Das es sch?ne P?rke hat
1007,
1008,Wenn ich bei mir zuhause bin fühl ich mich wohl und in der Stadt fühl ich mich auch wohl weil sie nicht zu gross ist.
1009,"Die Umgebung.  Die N?he zur Stadt  In der N?he meiner Familie (Grosseltern, Vater e.t.c.)"
1010,"Ich finde mein Quatier gut, weil ich viele Freunde habe."
1011,Die Luft ist sauber.  Es ist ruhig.  Ich finde alles was ich brauche.
1012,In der N?he ist einen Stadt und Einkaufscenter zum einkaufen. Man hat viele Freunde
1013,Das Eglisee und die Stadt ist neu für mich.
1014,"Die Stadt, Herbstmesse, Freizeitsm?glichkeiten, Die Ferien"
1015,"übersichtlich, sauber, alles nah bei einander, überall Trams und Busse"
1016,"Die Stadt gef?llt mir gut, der Rhein ist wundersch?n. Eigentlich gef?llt mir alles."
1017,Die Stadt  Herbstmesse  Die Ferien hier
1018,Die Leute sind nicht immer gestresst. Es gibt alles hier. Basel ist nicht sehr gross und sehr übersichtlich und gut vernetzt mit Tram und Bus.
1019,"Das mann hier alles hat was man braucht und viele Atraktionen wie zbs: Fasnacht, Herbstmesse usw. Und das es Orte gibt für jung und alt."
1020,Gamestop  Barfüsserplatz  Mein Zuhause
1021,
1022,Das es so eine grosse Stadt hat. Z.B. Claraplatz wo man gut einkaufen kann z.B. Videospiele / Essen / Spielsachen / Kleider
1023,"Es gef?llt mir, dass es viele Velowege hat, und das man in der Langen Erlen Skaten darf."
1024,Das es ruhig und tolle umgebung ist.
1025,alles
1026,Der Rhein gef?llt mir in Basel und das es in Basel viele L?den gibt.
1027,Das es viele Sachen hat.
1028,Meine Schulhaus
1029,
1030,"Die Natur, und das viele Verwanten von mir hier wohnen."
1031,Das ich nich weit laufen muss zu Micros  Das ich wen ich wiel spielen kann  Das ich nahe bei meinen Koleginen wohnen
1032,Mir g?fellt hier die Schulen oder spiel pl?tze.  Mir gefallen auch die Einkaufszentrum.  Und das wir Herbstmesse haben Fasnacht und so weiter.
1033,Basel sieht sch?n aus
1034,
1035,Die Schwimmb?der  Shopping  Spielpl?tze
1036,"Mir gef?llt das Einkaufszentrum am meisten und auch Neujahr, Messe, Fasnacht am meisten."
1037,"Dass es sch?n ist.  Weil vor meiner Tür die Muba, Herbstmesse und so weiter ist.  Weil es einfach nicht besser geht."
1038,Dass es in der N?he ein Fussballplatz gibt
1039,Dass es alles hat was ich gebrauchen k?nnte  Dass es hier die Muba und die Herbstmesse gibt
1040,Dass es eine kleine Stadt ist.  Dass ich mich hier gut in Basel auskenne
1041,Dass die Aussicht sch?n ist.
1042,Das Wetter ist immer sch?n. Es ist eher ruhig in Basel und sch?n.
1043,"Der grosse Rhein, weil man von der Brücke aus den Rhein am besten sieht."